{"cameraMode":{"drawMode":0,"name":"Shaded","section":"Shading Mode"},"sceneLighting":false,"audioPlay":false,"sceneViewState":{"showFog":true,"showMaterialUpdate":false,"showSkybox":true,"showFlares":true,"showImageEffects":true,"showParticleSystems":true},"in2DMode":false,"pivot":{"x":8.543533325195313,"y":25.395000457763673,"z":-4.5},"rotation":{"x":-0.14371949434280396,"y":-0.035027556121349338,"z":0.005090243648737669,"w":-0.9889858365058899},"size":168.4190673828125,"orthographic":false}