{"cameraMode":{"drawMode":0,"name":"Shaded","section":"Shading Mode"},"sceneLighting":true,"audioPlay":false,"sceneViewState":{"showFog":true,"showMaterialUpdate":false,"showSkybox":true,"showFlares":true,"showImageEffects":true,"showParticleSystems":true},"in2DMode":false,"pivot":{"x":-3.32528018951416,"y":46.4100456237793,"z":90.13365173339844},"rotation":{"x":-0.0003095718566328287,"y":-0.015902293846011163,"z":0.000004839471330342349,"w":-0.9998745322227478},"size":49.671016693115237,"orthographic":false}