{"cameraMode":{"drawMode":0,"name":"Shaded","section":"Shading Mode"},"sceneLighting":false,"audioPlay":false,"sceneViewState":{"showFog":true,"showMaterialUpdate":false,"showSkybox":true,"showFlares":true,"showImageEffects":true,"showParticleSystems":true},"in2DMode":false,"pivot":{"x":-18.581600189208986,"y":18.85341453552246,"z":90.0},"rotation":{"x":-0.1803693175315857,"y":-0.06869670748710633,"z":0.012628596276044846,"w":-0.9811221957206726},"size":19.833778381347658,"orthographic":false}